t0,bp,pnl,entry,legs,dow,year
2022-09-01 00:00:00+00:00,-17.661485300178906,-3.01686666666645,1707.9484,9,3,2022
2022-09-01 22:00:00+00:00,6.813577705019904,1.1558000000003024,1696.3901333333333,9,3,2022
2022-09-05 22:00:00+00:00,46.264929521694164,7.920966666666952,1712.095933333333,9,0,2022
2022-09-06 22:00:00+00:00,-33.84305606865265,-5.761566666666416,1702.4321,9,1,2022
2022-09-07 22:00:00+00:00,-14.114877390519894,-2.4259666666665303,1718.7032,9,2,2022
2022-09-08 22:00:00+00:00,33.79306383659593,5.776233333333494,1709.2983333333332,9,3,2022
2022-09-12 22:00:00+00:00,-12.665635083175825,-2.185533333333145,1725.5384999999999,9,0,2022
2022-09-13 22:00:00+00:00,-15.239019629351255,-2.5939666666665744,1702.1532666666667,9,1,2022
2022-09-14 22:00:00+00:00,-13.809121452946329,-2.3440666666665493,1697.4609333333333,9,2,2022
2022-09-15 22:00:00+00:00,-5.010716562620576,-0.8341999999997066,1664.6820999999998,9,3,2022
2022-09-19 22:00:00+00:00,-5.142494354458155,-0.8618999999997262,1676.0332,9,0,2022
2022-09-20 22:00:00+00:00,-2.9075403973090923,-0.4840666666664977,1664.8383666666666,9,1,2022
2022-09-21 22:00:00+00:00,-69.87918736776858,-11.678666666666459,1671.2620333333332,9,2,2022
2022-09-22 22:00:00+00:00,11.058035383092507,1.84816666666696,1671.3378333333333,9,3,2022
2022-09-26 22:00:00+00:00,31.231113779045714,5.0754333333335735,1625.1318999999999,9,0,2022
2022-09-27 22:00:00+00:00,-29.64093828075717,-4.831133333333128,1629.8762,9,1,2022
2022-09-28 22:00:00+00:00,-21.59313895834494,-3.5831333333331563,1659.3347,9,2,2022
2022-09-29 22:00:00+00:00,-1.038997321494436,-0.17283333333314962,1662.9159666666665,9,3,2022
2022-10-03 22:00:00+00:00,-15.744485548228194,-2.6757999999998296,1699.4748666666667,9,0,2022
2022-10-04 22:00:00+00:00,-23.03960396735562,-3.9760333333331346,1725.7286666666666,9,1,2022
2022-10-05 22:00:00+00:00,25.116591631348072,4.309433333333345,1715.8039333333334,9,2,2022
2022-10-06 22:00:00+00:00,-7.4234902262430875,-1.270866666666355,1711.9515333333334,9,3,2022
2022-10-10 22:00:00+00:00,13.928288654995827,2.32410000000012,1668.6382333333333,9,0,2022
2022-10-11 22:00:00+00:00,-15.154390163869348,-2.5258999999997136,1666.7733333333333,9,1,2022
2022-10-12 22:00:00+00:00,-6.420503506022259,-1.0748333333331932,1674.0310333333334,9,2,2022
2022-10-13 22:00:00+00:00,-17.7271223995935,-2.953066666666473,1665.8366666666666,9,3,2022
2022-10-17 22:00:00+00:00,2.3239317523542797,0.3837333333336422,1651.3306666666665,9,0,2022
2022-10-18 22:00:00+00:00,-6.422371775927903,-1.0615249999999985,1652.7793250000002,9,1,2022
2022-10-19 22:00:00+00:00,-22.22292936558313,-3.6219333333332693,1629.8002999999999,9,2,2022
2022-10-20 22:00:00+00:00,-11.279200064382277,-1.836766666666487,1628.3832333333332,9,3,2022
2022-10-24 22:00:00+00:00,-0.10513003460741703,-0.017366666666551584,1651.0304333333333,9,0,2022
2022-10-25 22:00:00+00:00,-8.71347049119804,-1.4402666666665027,1652.9134999999999,9,1,2022
2022-10-26 22:00:00+00:00,13.844290005121346,2.3052000000000894,1665.1014000000002,9,2,2022
2022-10-27 22:00:00+00:00,7.674971449422311,1.2757666666667926,1662.2831666666668,9,3,2022
2022-10-31 22:00:00+00:00,12.529205248414732,2.046500000000227,1633.4055999999998,9,0,2022
2022-11-01 22:00:00+00:00,16.947693961417393,2.7911333333334674,1646.9242666666667,9,1,2022
2022-11-02 22:00:00+00:00,14.345364937078683,2.3464666666670078,1635.9779666666664,9,2,2022
2022-11-03 22:00:00+00:00,6.278911677517739,1.0235666666668901,1630.1701666666665,9,3,2022
2022-11-07 23:00:00+00:00,-11.437899514657362,-1.9157999999999145,1674.9565333333333,9,0,2022
2022-11-08 23:00:00+00:00,-26.137988104350157,-4.475733333333285,1712.2669333333333,9,1,2022
2022-11-09 23:00:00+00:00,7.276867782447984,1.241133333333437,1706.0203333333332,9,2,2022
2022-11-10 23:00:00+00:00,-24.856174341342548,-4.359666666666423,1753.9134,9,3,2022
2022-11-14 23:00:00+00:00,-2.5828610008291735,-0.4573999999998553,1770.7804666666666,9,0,2022
2022-11-15 23:00:00+00:00,-23.07222486620008,-4.105933333333269,1779.5008,9,1,2022
2022-11-16 23:00:00+00:00,-36.65917594855162,-6.504966666666481,1774.4219999999998,9,2,2022
2022-11-17 23:00:00+00:00,12.171326243046577,2.143100000000004,1760.8273666666666,9,3,2022
2022-11-21 23:00:00+00:00,25.95189280080214,4.511533333333394,1738.4532333333332,9,0,2022
2022-11-22 23:00:00+00:00,-1.4629544265794383,-0.2546666666663289,1740.5471333333332,9,1,2022
2022-11-23 23:00:00+00:00,20.74774409751501,3.633066666666764,1751.0772000000002,9,2,2022
2022-11-24 23:00:00+00:00,9.984384648774899,1.7529333333335064,1755.7163666666665,9,3,2022
2022-11-28 23:00:00+00:00,21.67132135340214,3.774966666667069,1741.9244666666664,9,0,2022
2022-11-29 23:00:00+00:00,17.329204842979088,3.0317333333334773,1749.5008666666665,9,1,2022
2022-11-30 23:00:00+00:00,20.214206633865913,3.5799000000002557,1770.9973333333332,9,2,2022
2022-12-01 23:00:00+00:00,-35.84803642591347,-6.467000000000098,1803.9749333333336,9,3,2022
2022-12-05 23:00:00+00:00,20.585197391412507,3.64283333333348,1769.6920333333333,9,0,2022
2022-12-06 23:00:00+00:00,13.638191381072001,2.4158333333335427,1771.3814333333332,9,1,2022
2022-12-07 23:00:00+00:00,-29.075675668465376,-5.196366666666336,1787.1556666666665,9,2,2022
2022-12-08 23:00:00+00:00,15.637483904660346,2.7996333333335315,1790.3392666666666,9,3,2022
2022-12-12 23:00:00+00:00,13.612826307186621,2.4256333333332805,1781.8985333333335,9,0,2022
2022-12-13 23:00:00+00:00,-3.934969257389292,-0.7127999999999398,1811.0297,9,1,2022
2022-12-14 23:00:00+00:00,-65.7741873452002,-11.892733333333203,1808.1046,9,2,2022
2022-12-15 23:00:00+00:00,18.92778955136334,3.3627666666669334,1776.6436666666666,9,3,2022
2022-12-19 23:00:00+00:00,-9.362727760393081,-1.6740999999997257,1788.0297,9,0,2022
2022-12-20 23:00:00+00:00,-10.285223736303472,-1.8701666666665915,1818.2959333333336,9,1,2022
2022-12-21 23:00:00+00:00,22.32245530628871,4.050566666666782,1814.5913,9,2,2022
2022-12-22 23:00:00+00:00,-0.09101210514562741,-0.016333333333174476,1793.8221999999998,9,3,2022
2022-12-26 23:00:00+00:00,20.63350088690485,3.716533333333549,1801.2142,9,0,2022
2022-12-27 23:00:00+00:00,-15.923729670860942,-2.8889999999998963,1814.2337666666667,9,1,2022
2022-12-28 23:00:00+00:00,9.467013096554817,1.709366666666862,1805.6032666666667,9,2,2022
2022-12-29 23:00:00+00:00,11.90824258650384,2.1613000000001343,1815.0219333333332,9,3,2022
2023-01-02 23:00:00+00:00,20.507590540856523,3.7469666666666703,1828.5162666666668,9,0,2023
2023-01-03 23:00:00+00:00,32.37875135591671,5.953333333333376,1838.6616666666669,9,1,2023
2023-01-04 23:00:00+00:00,4.32985462627816,0.803333333333588,1855.508733333333,9,2,2023
2023-01-05 23:00:00+00:00,26.085899429801195,4.781100000000303,1832.8420333333333,9,3,2023
2023-01-09 23:00:00+00:00,11.03654901662731,2.0650333333333797,1871.1111000000003,9,0,2023
2023-01-10 23:00:00+00:00,-17.041159564764516,-3.1989999999998417,1877.2167,9,1,2023
2023-01-11 23:00:00+00:00,23.458886334743177,4.404633333333625,1877.6000666666664,9,2,2023
2023-01-12 23:00:00+00:00,5.399128768830025,1.024200000000216,1897.0549999999998,9,3,2023
2023-01-16 23:00:00+00:00,-25.89400996297762,-4.963399999999865,1916.8079000000002,9,0,2023
2023-01-17 23:00:00+00:00,-10.065919872893637,-1.9213333333330713,1908.7500666666665,9,1,2023
2023-01-18 23:00:00+00:00,-5.005156923286823,-0.9533999999997983,1904.8216666666663,9,2,2023
2023-01-19 23:00:00+00:00,-11.363586369248093,-2.1966666666665637,1933.0304666666666,9,3,2023
2023-01-23 23:00:00+00:00,14.669694184851373,2.834100000000111,1931.9677333333332,9,0,2023
2023-01-24 23:00:00+00:00,-2.4827000313162064,-0.48099999999991877,1937.4044333333336,9,1,2023
2023-01-25 23:00:00+00:00,-14.78182858842246,-2.8795666666665056,1947.9566333333335,9,2,2023
2023-01-26 23:00:00+00:00,-11.739679308564293,-2.2659333333331992,1930.1487,9,3,2023
2023-01-30 23:00:00+00:00,12.632087393139118,2.4288000000000616,1922.7999000000002,9,0,2023
2023-01-31 23:00:00+00:00,-11.972063176107005,-2.3081333333330654,1927.9107,9,1,2023
2023-02-01 23:00:00+00:00,-13.183368006623573,-2.5778666666663717,1955.0549,9,2,2023
2023-02-02 23:00:00+00:00,20.671563506723217,3.9537000000003295,1912.6294666666665,9,3,2023
2023-02-06 23:00:00+00:00,29.28836403586967,5.471466666666932,1868.1379,9,0,2023
2023-02-07 23:00:00+00:00,14.266306926296478,2.672000000000253,1872.9679,9,1,2023
2023-02-08 23:00:00+00:00,12.580893984381872,2.360166666666828,1875.9979666666668,9,2,2023
2023-02-09 23:00:00+00:00,-5.959239769452878,-1.1098666666666002,1862.3457,9,3,2023
2023-02-13 23:00:00+00:00,15.298636132945184,2.8363666666668146,1853.9996999999998,9,0,2023
2023-02-14 23:00:00+00:00,7.136186634508308,1.3233666666667432,1854.4671666666666,9,1,2023
2023-02-15 23:00:00+00:00,23.39412128351814,4.297633333333503,1837.0734333333332,9,2,2023
2023-02-16 23:00:00+00:00,-36.1868777649118,-6.642866666666502,1835.6871666666666,9,3,2023
2023-02-20 23:00:00+00:00,-4.469461996680269,-0.8236333333331155,1842.7963000000002,9,0,2023
2023-02-21 23:00:00+00:00,3.5104628996472345,0.6442666666668325,1835.2756,9,1,2023
2023-02-22 23:00:00+00:00,9.950192973691605,1.8172666666668345,1826.3658333333333,9,2,2023
2023-02-23 23:00:00+00:00,14.852576135249231,2.7075000000001332,1822.9211999999998,9,3,2023
2023-02-27 23:00:00+00:00,0.9130796144430191,0.16596666666684237,1817.7147333333332,9,0,2023
2023-02-28 23:00:00+00:00,4.515447883051541,0.8252000000000711,1827.5113,9,1,2023
2023-03-01 23:00:00+00:00,-20.641780613554104,-3.794199999999819,1838.1158999999998,9,2,2023
2023-03-02 23:00:00+00:00,9.806354348024266,1.8015333333334336,1837.1812333333332,9,3,2023
2023-03-06 23:00:00+00:00,9.804443604294795,1.8108666666668494,1846.9861666666666,9,0,2023
2023-03-07 23:00:00+00:00,-16.076595565256785,-2.917199999999866,1814.5617,9,1,2023
2023-03-08 23:00:00+00:00,-14.82300883854867,-2.690933333333078,1815.3416666666665,9,2,2023
2023-03-09 23:00:00+00:00,-9.653044526060905,-1.7684666666665028,1832.0149999999999,9,3,2023
2023-03-13 22:00:00+00:00,-13.975713129084903,-2.672066666666448,1911.8453333333334,9,0,2023
2023-03-14 22:00:00+00:00,-10.72488197025538,-2.0428666666664412,1904.7896333333333,9,1,2023
2023-03-15 22:00:00+00:00,-45.62090346109929,-8.761799999999843,1920.546,9,2,2023
2023-03-16 22:00:00+00:00,6.027128942349896,1.1572333333334275,1920.0469333333333,9,3,2023
2023-03-20 22:00:00+00:00,2.7443479023005946,0.5432000000000698,1979.7771000000002,9,0,2023
2023-03-21 22:00:00+00:00,13.589008658714546,2.6376333333336484,1941.0217666666665,9,1,2023
2023-03-22 22:00:00+00:00,19.112842474216738,3.758566666666866,1966.5455333333334,9,2,2023
2023-03-23 22:00:00+00:00,-5.1371796425813345,-1.0239999999998872,1993.0700000000002,9,3,2023
2023-03-27 22:00:00+00:00,19.58991885973079,3.834966666666787,1957.7056,9,0,2023
2023-03-28 22:00:00+00:00,-28.95370590954611,-5.716799999999769,1974.4620333333332,9,1,2023
2023-03-29 22:00:00+00:00,-24.91682250087007,-4.89499999999983,1964.523433333333,9,2,2023
2023-03-30 22:00:00+00:00,1.4673136017792352,0.29060000000011615,1980.5620000000001,9,3,2023
2023-04-03 22:00:00+00:00,-24.851846765302653,-4.934566666666569,1985.5732333333335,9,0,2023
2023-04-04 22:00:00+00:00,-0.786449177928702,-0.15893333333330398,2020.5484000000001,9,1,2023
2023-04-05 22:00:00+00:00,-30.305944983890395,-6.123999999999872,2020.6810666666668,9,2,2023
2023-04-10 22:00:00+00:00,0.7460216596028523,0.14853333333341348,1991.1986333333334,9,0,2023
2023-04-11 22:00:00+00:00,30.11620827512217,6.034633333333507,2003.7853,9,1,2023
2023-04-12 22:00:00+00:00,12.338862985676895,2.4860333333335802,2014.819533333333,9,2,2023
2023-04-13 22:00:00+00:00,17.47762249174302,3.5666333333335842,2040.685733333333,9,3,2023
2023-04-17 22:00:00+00:00,7.444479808124921,1.4849666666669539,1994.7444,9,0,2023
2023-04-18 22:00:00+00:00,-4.549327805106859,-0.9125333333331582,2005.7467000000001,9,1,2023
2023-04-19 22:00:00+00:00,0.08693735861901916,0.017333333333605577,1995.3129333333334,9,2,2023
2023-04-20 22:00:00+00:00,-6.167842912787809,-1.2361666666665012,2004.2117666666663,9,3,2023
2023-04-24 22:00:00+00:00,25.36486129722617,5.054333333333413,1992.6747333333333,9,0,2023
2023-04-25 22:00:00+00:00,-1.307335983682505,-0.261233333333242,1997.8919333333333,9,1,2023
2023-04-26 22:00:00+00:00,5.422624958376251,1.0793666666668287,1990.547833333333,9,2,2023
2023-04-27 22:00:00+00:00,-4.964040167217242,-0.9869666666665277,1988.228933333333,9,3,2023
2023-05-01 22:00:00+00:00,4.902720897280799,0.9717333333335318,1982.1107,9,0,2023
2023-05-02 22:00:00+00:00,1.9549947589711607,0.39416666666693345,2016.2581333333333,9,1,2023
2023-05-03 22:00:00+00:00,-7.427114367273138,-1.5231333333330592,2050.7549,9,2,2023
2023-05-04 22:00:00+00:00,8.42987366252914,1.7268333333333128,2048.5479,9,3,2023
2023-05-08 22:00:00+00:00,-0.6334851078278533,-0.12816666666655388,2022.0657,9,0,2023
2023-05-09 22:00:00+00:00,-3.2572521896817808,-0.6629666666663828,2035.2582666666665,9,1,2023
2023-05-10 22:00:00+00:00,17.91290693532609,3.6380666666667216,2030.9769,9,2,2023
2023-05-11 22:00:00+00:00,-16.77913359788973,-3.383299999999963,2016.3378999999998,9,3,2023
2023-05-15 22:00:00+00:00,0.1572025921487219,0.0317000000002281,2016.8013666666666,9,0,2023
2023-05-16 22:00:00+00:00,13.982997361615322,2.781966666666752,1989.557866666667,9,1,2023
2023-05-17 22:00:00+00:00,3.7655816086180787,0.7469000000003234,1983.493333333333,9,2,2023
2023-05-18 22:00:00+00:00,-7.669610065696675,-1.5021999999997508,1958.6341000000002,9,3,2023
2023-05-22 22:00:00+00:00,-41.147954329968826,-8.116166666666535,1972.4309000000003,9,0,2023
2023-05-23 22:00:00+00:00,-11.973978631722916,-2.3666666666664846,1976.4953333333333,9,1,2023
2023-05-24 22:00:00+00:00,-7.952603255663527,-1.5579666666665162,1959.029133333333,9,2,2023
2023-05-25 22:00:00+00:00,3.7099247971444163,0.7207666666668805,1943.017833333333,9,3,2023
2023-05-29 22:00:00+00:00,-2.3113774846103716,-0.4493333333330914,1943.9248666666665,9,0,2023
2023-05-30 22:00:00+00:00,-8.533572040528318,-1.6720999999998487,1959.4069666666667,9,1,2023
2023-05-31 22:00:00+00:00,4.263044090245751,0.8373333333335419,1964.1939,9,2,2023
2023-06-01 22:00:00+00:00,-8.37145459512831,-1.6553999999998723,1977.4214000000002,9,3,2023
2023-06-05 22:00:00+00:00,-7.688995541199844,-1.5085333333329345,1961.8959,9,0,2023
2023-06-06 22:00:00+00:00,5.906660794236838,1.1600000000000819,1963.9639666666667,9,1,2023
2023-06-07 22:00:00+00:00,13.883547568844072,2.6972333333336187,1942.7941999999998,9,2,2023
2023-06-08 22:00:00+00:00,-15.339718799936163,-3.016633333333251,1966.5392000000002,9,3,2023
2023-06-12 22:00:00+00:00,-0.5159896213910503,-0.10103333333313458,1957.7252333333333,9,0,2023
2023-06-13 22:00:00+00:00,6.333865791190623,1.2315666666668221,1944.4323666666667,9,1,2023
2023-06-14 22:00:00+00:00,-42.58927184309144,-8.280633333333148,1944.2264333333333,9,2,2023
2023-06-15 22:00:00+00:00,-1.7337510958766906,-0.3394999999997405,1958.1420666666663,9,3,2023
2023-06-19 22:00:00+00:00,-22.07293958610617,-4.310999999999922,1953.0407333333335,9,0,2023
2023-06-20 22:00:00+00:00,-4.425526860903952,-0.8575333333331704,1937.5381666666665,9,1,2023
2023-06-21 22:00:00+00:00,-5.308942839910364,-1.026533333333191,1933.5067333333334,9,2,2023
2023-06-22 22:00:00+00:00,-1.8089229377447396,-0.34629999999977673,1914.2313,9,3,2023
2023-06-26 22:00:00+00:00,6.6319626560825675,1.276133333333443,1924.2407333333333,9,0,2023
2023-06-27 22:00:00+00:00,-1.2793608728441168,-0.24503333333314004,1915.2388,9,1,2023
2023-06-28 22:00:00+00:00,0.9901814128487675,0.1891333333333023,1910.1237666666666,9,2,2023
2023-06-29 22:00:00+00:00,-3.527238400350468,-0.6732999999998507,1908.76,9,3,2023
2023-07-03 22:00:00+00:00,-2.011340035699583,-0.38655833333321726,1921.8884916666668,9,0,2023
2023-07-04 22:00:00+00:00,-5.04374290401707,-0.9717333333331529,1926.5137666666665,9,1,2023
2023-07-05 22:00:00+00:00,-1.2375056895739016,-0.23736666666642728,1917.8756333333336,9,2,2023
2023-07-06 22:00:00+00:00,-1.1800726751356587,-0.22553333333310852,1910.8833333333334,9,3,2023
2023-07-10 22:00:00+00:00,1.8864289663266958,0.3632666666668835,1925.7156,9,0,2023
2023-07-11 22:00:00+00:00,19.441191786137857,3.7574666666669905,1932.7353999999998,9,1,2023
2023-07-12 22:00:00+00:00,0.5901282054920158,0.1155333333335875,1957.926533333333,9,2,2023
2023-07-13 22:00:00+00:00,-1.9888773186074968,-0.39003333333312185,1961.0649,9,3,2023
2023-07-17 22:00:00+00:00,9.118907420349164,1.7829000000001543,1955.1686666666667,9,0,2023
2023-07-18 22:00:00+00:00,-11.806332451393079,-2.336808333333238,1979.2829749999999,9,1,2023
2023-07-19 22:00:00+00:00,18.318428678078114,3.623700000000099,1978.1774666666668,9,2,2023
2023-07-20 22:00:00+00:00,7.567734325754014,1.4914000000001124,1970.7406,9,3,2023
2023-07-24 22:00:00+00:00,17.412887606656263,3.4051666666669766,1955.5563666666665,9,0,2023
2023-07-25 22:00:00+00:00,-4.680912405050538,-0.9197333333330183,1964.792333333333,9,1,2023
2023-07-26 22:00:00+00:00,8.575861170247853,1.6920666666669604,1973.109,9,2,2023
2023-07-27 22:00:00+00:00,6.7849469954389425,1.3211666666668407,1947.2947666666669,9,3,2023
2023-07-31 22:00:00+00:00,-18.896020509465504,-3.7147666666665677,1965.8811333333333,9,0,2023
2023-08-01 22:00:00+00:00,-12.878086046956478,-2.512566666666544,1950.9750333333334,9,1,2023
2023-08-02 22:00:00+00:00,-0.16266975498902214,-0.03149999999982356,1936.2249333333332,9,2,2023
2023-08-03 22:00:00+00:00,8.94842464782412,1.7315333333334972,1935.0202,9,3,2023
2023-08-07 22:00:00+00:00,-18.26187262294861,-3.537066666666457,1936.8404333333335,9,0,2023
2023-08-08 22:00:00+00:00,7.03553777164711,1.3544666666668945,1925.1948666666665,9,1,2023
2023-08-09 22:00:00+00:00,6.418008068189599,1.2296666666666927,1915.988933333333,9,2,2023
2023-08-10 22:00:00+00:00,6.692235509595507,1.2805333333335511,1913.478,9,3,2023
2023-08-14 22:00:00+00:00,-7.4654339757588115,-1.4242333333330255,1907.7685666666666,9,0,2023
2023-08-15 22:00:00+00:00,-0.7222607673303806,-0.13743333333331975,1902.5868,9,1,2023
2023-08-16 22:00:00+00:00,-17.66873356653012,-3.348299999999805,1895.0325999999998,9,2,2023
2023-08-17 22:00:00+00:00,19.729822649021052,3.728700000000193,1889.8958666666667,9,3,2023
2023-08-21 22:00:00+00:00,0.8062591293813166,0.15281111111138065,1895.3138555555552,9,0,2023
2023-08-22 22:00:00+00:00,11.11423126232899,2.109933333333553,1898.4086666666667,9,1,2023
2023-08-23 22:00:00+00:00,4.066180405577641,0.7796333333334738,1917.4163999999998,9,2,2023
2023-08-24 22:00:00+00:00,-7.552483519338905,-1.4480999999997646,1917.3748666666663,9,3,2023
2023-08-28 22:00:00+00:00,5.033980463667329,0.9669333333334483,1920.8172333333334,9,0,2023
2023-08-29 22:00:00+00:00,-5.297500474519749,-1.0263333333331655,1937.3741333333335,9,1,2023
2023-08-30 22:00:00+00:00,7.29725095835047,1.4191333333334721,1944.7590666666667,9,2,2023
2023-08-31 22:00:00+00:00,4.95107591089122,0.9607250000002144,1940.437175,9,3,2023
2023-09-04 22:00:00+00:00,-8.124164146140512,-1.575133333333118,1938.8131000000003,9,0,2023
2023-09-05 22:00:00+00:00,-11.112016934520872,-2.141066666666499,1926.7936666666667,9,1,2023
2023-09-06 22:00:00+00:00,-1.115033688962901,-0.21389999999973952,1918.2237666666665,9,2,2023
2023-09-07 22:00:00+00:00,23.887466912201035,4.58670000000014,1920.133233333333,9,3,2023
2023-09-11 22:00:00+00:00,-9.212489703493286,-1.7718333333331582,1923.2906999999998,9,0,2023
2023-09-12 22:00:00+00:00,-10.477765713843645,-2.0052555555553986,1913.8162222222225,9,1,2023
2023-09-13 22:00:00+00:00,8.729569737706568,1.6671000000001943,1909.7384333333332,9,2,2023
2023-09-14 22:00:00+00:00,7.624543067599799,1.4571666666669596,1911.1588999999997,9,3,2023
2023-09-18 22:00:00+00:00,-8.239330928222989,-1.5935666666663717,1934.0962,9,0,2023
2023-09-19 22:00:00+00:00,-13.044127640397344,-2.52069999999973,1932.4212666666665,9,1,2023
2023-09-20 22:00:00+00:00,-27.21963606095676,-5.25519999999968,1930.6547333333333,9,2,2023
2023-09-21 22:00:00+00:00,15.953032188521547,3.063733333333554,1920.4726666666668,9,3,2023
2023-09-25 22:00:00+00:00,-8.833788231498398,-1.6930999999997312,1916.6079666666665,9,0,2023
2023-09-26 22:00:00+00:00,-0.5675397240764433,-0.10791666666644535,1901.4709166666664,9,1,2023
2023-09-27 22:00:00+00:00,-12.101337280617594,-2.2716999999997824,1877.1925666666664,9,2,2023
2023-09-28 22:00:00+00:00,-3.6633954511352065,-0.6835999999998421,1865.9296333333332,9,3,2023
2023-10-02 22:00:00+00:00,-31.767944896354557,-5.8107999999998965,1829.1337666666668,9,0,2023
2023-10-03 22:00:00+00:00,-5.791337787126563,-1.0564666666665896,1824.1733333333334,9,1,2023
2023-10-04 22:00:00+00:00,22.305649178728903,4.064833333333506,1822.3393333333333,9,2,2023
2023-10-05 22:00:00+00:00,-1.6623180992393227,-0.3027999999997064,1821.4353333333331,9,3,2023
2023-10-09 22:00:00+00:00,14.33956959269404,2.669033333333497,1861.3171999999997,9,0,2023
2023-10-10 22:00:00+00:00,1.2762558219691478,0.23746666666685692,1860.6778666666667,9,1,2023
2023-10-11 22:00:00+00:00,5.722088762362516,1.073033333333645,1875.2551666666664,9,2,2023
2023-10-12 22:00:00+00:00,11.516913129093982,2.153500000000198,1869.8763333333332,9,3,2023
2023-10-16 22:00:00+00:00,-20.44046632108672,-3.923799999999725,1919.6019,9,0,2023
2023-10-17 22:00:00+00:00,50.017028550721456,9.625008333333502,1924.3719583333336,9,1,2023
2023-10-18 22:00:00+00:00,-5.87620460876035,-1.1461999999998322,1950.5376999999999,9,2,2023
2023-10-19 22:00:00+00:00,9.686190282462839,1.911533333333485,1973.4631333333334,9,3,2023
2023-10-23 22:00:00+00:00,10.227486198661378,2.018800000000207,1973.9045333333333,9,0,2023
2023-10-24 22:00:00+00:00,17.9065047809937,3.5292333333334227,1970.928533333333,9,1,2023
2023-10-25 22:00:00+00:00,10.192284055150331,2.020000000000209,1982.1598666666666,9,2,2023
2023-10-26 22:00:00+00:00,-2.0390108236415743,-0.4046999999997449,1984.6773666666663,9,3,2023
2023-10-30 22:00:00+00:00,-0.8000586268764986,-0.15973333333310316,1996.2874,9,0,2023
2023-10-31 22:00:00+00:00,-25.511872217459977,-5.0634999999998245,1984.7573,9,1,2023
2023-11-01 22:00:00+00:00,14.444366276467795,2.864133333333484,1982.982966666667,9,2,2023
2023-11-02 22:00:00+00:00,-10.744314769852538,-2.1341666666665637,1986.3168333333333,9,3,2023
2023-11-06 23:00:00+00:00,-20.056717497036608,-3.967433333333247,1978.0846666666666,9,0,2023
2023-11-07 23:00:00+00:00,-2.6473415569432643,-0.5212999999998829,1969.136833333333,9,1,2023
2023-11-08 23:00:00+00:00,-2.4039521553800607,-0.4692333333330983,1951.9047666666665,9,2,2023
2023-11-09 23:00:00+00:00,-4.1433672541551365,-0.8116666666664969,1958.8886333333332,9,3,2023
2023-11-13 23:00:00+00:00,-7.0009416151705075,-1.3628666666665292,1946.6888999999999,9,0,2023
2023-11-14 23:00:00+00:00,0.47728496861015113,0.09370000000020202,1963.2594666666664,9,1,2023
2023-11-15 23:00:00+00:00,-10.731671912822016,-2.1044999999998404,1960.9929333333332,9,2,2023
2023-11-16 23:00:00+00:00,11.836949528659122,2.34560000000018,1981.6005333333333,9,3,2023
2023-11-20 23:00:00+00:00,49.027569268259626,9.70706666666691,1979.9359,9,0,2023
2023-11-21 23:00:00+00:00,-15.344252977645604,-3.0675999999998567,1999.1417000000001,9,1,2023
2023-11-22 23:00:00+00:00,16.19025983771641,3.2227333333334323,1990.5389666666665,9,2,2023
2023-11-23 23:00:00+00:00,-9.184344907032745,-1.8314999999996264,1994.1510333333333,9,3,2023
2023-11-27 23:00:00+00:00,6.309605774493971,1.270933333333384,2014.2901666666667,9,0,2023
2023-11-28 23:00:00+00:00,25.638732028092445,5.235233333333629,2041.9500999999998,9,1,2023
2023-11-29 23:00:00+00:00,-6.1522121316208676,-1.2582999999997355,2045.2242333333331,9,2,2023
2023-11-30 23:00:00+00:00,12.376846963297005,2.5233333333335395,2038.825233333333,9,3,2023
2023-12-04 23:00:00+00:00,24.963608556678924,5.066600000000108,2029.5946,9,0,2023
2023-12-05 23:00:00+00:00,6.257970011784564,1.2639333333336253,2019.7524,9,1,2023
2023-12-06 23:00:00+00:00,8.321763290499723,1.686166666666774,2026.228933333333,9,2,2023
2023-12-07 23:00:00+00:00,16.728445674994347,3.393633333333431,2028.6810666666668,9,3,2023
2023-12-11 23:00:00+00:00,-2.3215863527590384,-0.4604666666665101,1983.0056333333332,9,0,2023
2023-12-12 23:00:00+00:00,-9.218352004501464,-1.8260999999996936,1980.9358000000002,9,1,2023
2023-12-13 23:00:00+00:00,31.95293882101123,6.474300000000085,2026.2103666666667,9,2,2023
2023-12-14 23:00:00+00:00,-10.411268739313579,-2.1209666666663907,2037.0245333333332,9,3,2023
2023-12-18 23:00:00+00:00,-11.295887104917842,-2.2902999999998124,2027.5219666666667,9,0,2023
2023-12-19 23:00:00+00:00,-11.34071403628595,-2.3145666666666025,2040.8820666666668,9,1,2023
2023-12-20 23:00:00+00:00,12.477027672962997,2.53656666666681,2032.9987333333333,9,2,2023
2023-12-21 23:00:00+00:00,-1.9024593698889758,-0.3899666666664719,2049.491233333333,9,3,2023
2023-12-25 23:00:00+00:00,43.36712718851145,8.911600000000059,2054.9456333333333,9,0,2023
2023-12-26 23:00:00+00:00,-10.216687948463964,-2.112666666666731,2067.7323666666666,9,1,2023
2023-12-27 23:00:00+00:00,36.62960295385848,7.616599999999683,2079.3614,9,2,2023
2023-12-28 23:00:00+00:00,13.261949330366797,2.7407333333338406,2066.6377666666663,9,3,2023
2024-01-01 23:00:00+00:00,5.335347140264594,1.1020000000001648,2065.7456333333334,9,0,2024
2024-01-02 23:00:00+00:00,20.533795119924548,4.228566666666818,2059.3216666666667,9,1,2024
2024-01-03 23:00:00+00:00,1.514529399609857,0.3094333333335726,2043.1816333333331,9,2,2024
2024-01-04 23:00:00+00:00,9.675040113902007,1.9779333333334914,2044.4210666666668,9,3,2024
2024-01-08 23:00:00+00:00,24.14102933907997,4.897566666666762,2028.7350000000001,9,0,2024
2024-01-09 23:00:00+00:00,1.4536578299182468,0.29523333333342333,2031.1474333333333,9,1,2024
2024-01-10 23:00:00+00:00,19.65853745069451,3.982933333333525,2026.0666666666666,9,2,2024
2024-01-11 23:00:00+00:00,2.215482842082581,0.4490333333334699,2033.6887333333334,9,3,2024
2024-01-15 23:00:00+00:00,-23.927134795033083,-4.9177999999997155,2055.2985666666664,9,0,2024
2024-01-16 23:00:00+00:00,9.982629285721918,2.023800000000089,2027.4505333333332,9,1,2024
2024-01-17 23:00:00+00:00,8.187332266241258,1.6439000000001063,2007.8835666666664,9,2,2024
2024-01-18 23:00:00+00:00,-2.5567117042748873,-0.517533333333328,2024.1811,9,3,2024
2024-01-22 23:00:00+00:00,2.863395268903748,0.5788666666667268,2021.6508333333336,9,0,2024
2024-01-23 23:00:00+00:00,-20.74382679344686,-4.210566666666637,2029.7912000000001,9,1,2024
2024-01-24 23:00:00+00:00,-3.6866790414116704,-0.7435333333332134,2016.6727,9,2,2024
2024-01-25 23:00:00+00:00,5.0960480193579345,1.029866666666673,2021.2719000000002,9,3,2024
2024-01-29 23:00:00+00:00,-11.54163766410834,-2.3467666666664777,2033.2948333333334,9,0,2024
2024-01-30 23:00:00+00:00,-15.915353575869906,-3.2416999999998097,2036.8370666666665,9,1,2024
2024-01-31 23:00:00+00:00,18.71510545473292,3.8195666666668635,2040.9415,9,2,2024
2024-02-01 23:00:00+00:00,-11.149753824989793,-2.2922333333331153,2055.8321,9,3,2024
2024-02-05 23:00:00+00:00,3.747684656561677,0.7589666666667654,2025.2555666666667,9,0,2024
2024-02-06 23:00:00+00:00,-7.419327709391865,-1.5107666666663893,2036.2370666666668,9,1,2024
2024-02-07 23:00:00+00:00,0.9066829574613805,0.1846333333333708,2036.3764666666668,9,2,2024
2024-02-08 23:00:00+00:00,-3.373816057341534,-0.686533333333197,2034.8611666666666,9,3,2024
2024-02-12 23:00:00+00:00,0.15765955101299045,0.03183333333367955,2019.3165,9,0,2024
2024-02-13 23:00:00+00:00,-1.6617788581548383,-0.33113333333312767,1992.4563333333333,9,1,2024
2024-02-14 23:00:00+00:00,-4.218640747442811,-0.8409666666664938,1993.4369333333334,9,2,2024
2024-02-15 23:00:00+00:00,0.5977836905626811,0.1198333333335692,2004.7830999999996,9,3,2024
2024-02-19 23:00:00+00:00,2.331428472623224,0.4702333333335294,2016.9572999999998,9,0,2024
2024-02-20 23:00:00+00:00,11.614594273748066,2.351300000000341,2024.4376999999997,9,1,2024
2024-02-21 23:00:00+00:00,1.9530201050060103,0.39580000000015997,2026.6196333333335,9,2,2024
2024-02-22 23:00:00+00:00,1.067376319649668,0.21613333333349752,2025.2873666666665,9,3,2024
2024-02-26 23:00:00+00:00,7.968049708947983,1.618533333333365,2031.2833,9,0,2024
2024-02-27 23:00:00+00:00,6.35042754994145,1.2896000000001397,2030.755433333333,9,1,2024
2024-02-28 23:00:00+00:00,4.887013666833939,0.9947000000002694,2035.3975666666665,9,2,2024
2024-02-29 23:00:00+00:00,4.795590086797655,0.9801000000002205,2043.756,9,3,2024
2024-03-04 23:00:00+00:00,-9.897659180866295,-2.09283333333345,2114.4311666666667,9,0,2024
2024-03-05 23:00:00+00:00,-11.474806432269697,-2.4414999999999054,2127.6900666666666,9,1,2024
2024-03-06 23:00:00+00:00,-7.699372770899874,-1.654799999999644,2149.0682333333334,9,2,2024
2024-03-07 23:00:00+00:00,-13.159704295467016,-2.8420999999998457,2159.679733333333,9,3,2024
2024-03-11 22:00:00+00:00,-6.8867508891750795,-1.503266666666453,2182.822133333333,9,0,2024
2024-03-12 22:00:00+00:00,-7.476159691739566,-1.614899999999731,2159.9653333333335,9,1,2024
2024-03-13 22:00:00+00:00,0.5593403715312654,0.12163333333349631,2174.8169,9,2,2024
2024-03-14 22:00:00+00:00,3.418235691217289,0.7391666666667334,2162.431666666667,9,3,2024
2024-03-18 22:00:00+00:00,-4.060238580872786,-0.8775999999999536,2161.2599,9,0,2024
2024-03-19 22:00:00+00:00,-2.7002851412833704,-0.5829666666665313,2158.7698,9,1,2024
2024-03-20 22:00:00+00:00,18.483688729649195,4.026499999999942,2198.0831000000003,9,2,2024
2024-03-21 22:00:00+00:00,-8.886795739813115,-1.9395666666667541,2182.4976666666666,9,3,2024
2024-03-25 22:00:00+00:00,-5.166484797754639,-1.1223999999995915,2172.4594999999995,9,0,2024
2024-03-26 22:00:00+00:00,-9.130868679935434,-1.9894666666667338,2178.8304000000003,9,1,2024
2024-03-27 22:00:00+00:00,-17.981177992439,-3.9439999999995052,2193.337233333333,9,2,2024
2024-04-01 22:00:00+00:00,-8.357684325571231,-1.8815666666667614,2251.1538,9,0,2024
2024-04-02 22:00:00+00:00,-2.174854775877035,-0.4969999999995404,2282.2477666666664,9,1,2024
2024-04-03 22:00:00+00:00,2.2876952340526606,0.5262333333334936,2300.4764333333333,9,2,2024
2024-04-04 22:00:00+00:00,-76.64037673722454,-17.570233333333363,2292.5487000000003,9,3,2024
2024-04-08 22:00:00+00:00,13.273279582833519,3.103466666666918,2338.1363666666666,9,0,2024
2024-04-09 22:00:00+00:00,-14.477696496530942,-3.406199999999444,2352.6729666666665,9,1,2024
2024-04-10 22:00:00+00:00,14.336805685120815,3.348033333333357,2335.2756,9,2,2024
2024-04-11 22:00:00+00:00,28.57003182006267,6.791200000000117,2377.065833333333,9,3,2024
2024-04-15 22:00:00+00:00,-22.151155841055402,-5.291866666666465,2388.0902333333333,9,0,2024
2024-04-16 22:00:00+00:00,-6.496247585986097,-1.549433333333127,2385.1198,9,1,2024
2024-04-17 22:00:00+00:00,5.5058078394605126,1.3028666666673416,2366.385233333333,9,2,2024
2024-04-18 22:00:00+00:00,59.15709533069331,14.082766666667188,2380.5716666666667,9,3,2024
2024-04-22 22:00:00+00:00,-44.504411606769,-10.372233333333194,2330.5635,9,0,2024
2024-04-23 22:00:00+00:00,-9.556996864233192,-2.2193333333333007,2322.190666666667,9,1,2024
2024-04-24 22:00:00+00:00,2.776985340307358,0.6437666666667307,2318.3006,9,2,2024
2024-04-25 22:00:00+00:00,-12.47622417311016,-2.9107333333331553,2333.0141666666664,9,3,2024
2024-04-29 22:00:00+00:00,-7.705114947148591,-1.800033333333128,2336.0557,9,0,2024
2024-04-30 22:00:00+00:00,-8.631384843314246,-1.9759666666665605,2289.2523666666666,9,1,2024
2024-05-01 22:00:00+00:00,10.385220357770617,2.410433333333458,2321.154966666667,9,2,2024
2024-05-02 22:00:00+00:00,-10.923988297974537,-2.51873333333333,2305.6878,9,3,2024
2024-05-06 22:00:00+00:00,-2.512209358867359,-0.5844000000000354,2326.2146000000002,9,0,2024
2024-05-07 22:00:00+00:00,-21.57629590540744,-4.998099999999795,2316.4679666666666,9,1,2024
2024-05-08 22:00:00+00:00,-3.8738264918274052,-0.8951333333334333,2310.591733333333,9,2,2024
2024-05-09 22:00:00+00:00,14.545105059361099,3.4135333333335134,2346.9692,9,3,2024
2024-05-13 22:00:00+00:00,3.8258893439522956,0.8944000000001324,2337.927333333333,9,0,2024
2024-05-14 22:00:00+00:00,-4.846205741418628,-1.1425666666667287,2357.591933333333,9,1,2024
2024-05-15 22:00:00+00:00,20.611838901386083,4.923300000000229,2388.6638000000003,9,2,2024
2024-05-16 22:00:00+00:00,-3.187299410116042,-0.7580333333329085,2378.283833333333,9,3,2024
2024-05-20 22:00:00+00:00,-9.7340421278152,-2.3645000000001346,2428.7807666666668,9,0,2024
2024-05-21 22:00:00+00:00,-3.0060516183172235,-0.7279999999997623,2421.740333333333,9,1,2024
2024-05-22 22:00:00+00:00,-22.757670067051038,-5.416500000000117,2380.0583333333334,9,2,2024
2024-05-23 22:00:00+00:00,5.603666810826372,1.3058333333333394,2330.7410333333337,9,3,2024
2024-05-27 22:00:00+00:00,-2.5360568253134974,-0.5967666666665536,2352.9709333333335,9,0,2024
2024-05-28 22:00:00+00:00,-16.613578463834084,-3.922800000000128,2361.109466666667,9,1,2024
2024-05-29 22:00:00+00:00,-11.102670075772998,-2.596666666666503,2338.7378000000003,9,2,2024
2024-05-30 22:00:00+00:00,11.355930565568801,2.6614333333333584,2343.656266666667,9,3,2024
2024-06-03 22:00:00+00:00,-12.91743116273751,-3.0372333333331576,2351.2293,9,0,2024
2024-06-04 22:00:00+00:00,1.0809607830746364,0.2516666666668546,2328.3137666666667,9,1,2024
2024-06-05 22:00:00+00:00,31.147831755507028,7.338100000000395,2355.8975333333333,9,2,2024
2024-06-06 22:00:00+00:00,-10.593999239159864,-2.5175666666661223,2376.381033333333,9,3,2024
2024-06-10 22:00:00+00:00,-18.58737433540564,-4.296666666666624,2311.5824333333335,9,0,2024
2024-06-11 22:00:00+00:00,-14.037418381534073,-3.251633333333151,2316.402466666667,9,1,2024
2024-06-12 22:00:00+00:00,-37.59224740082954,-8.734866666666372,2323.5797666666667,9,2,2024
2024-06-13 22:00:00+00:00,1.7087935816818647,0.39369999999992916,2304.068,9,3,2024
2024-06-17 22:00:00+00:00,8.044730058625959,1.866899999999987,2320.657166666667,9,0,2024
2024-06-18 22:00:00+00:00,-1.699439915992464,-0.39590000000013487,2329.5392,9,1,2024
2024-06-19 22:00:00+00:00,10.30771896773313,2.401866666667047,2330.163433333333,9,2,2024
2024-06-20 22:00:00+00:00,7.941461458397626,1.8736333333337523,2359.3246,9,3,2024
2024-06-24 22:00:00+00:00,-27.842684477677484,-6.498366666666698,2333.9419333333335,9,0,2024
2024-06-25 22:00:00+00:00,-16.922670858919336,-3.926966666666582,2320.5114,9,1,2024
2024-06-26 22:00:00+00:00,-2.1617946302718702,-0.49699999999999517,2299.013966666667,9,2,2024
2024-06-27 22:00:00+00:00,-25.439305617381397,-5.918899999999667,2326.6685666666663,9,3,2024
2024-07-01 22:00:00+00:00,2.154245398226601,0.5024333333334047,2332.299966666667,9,0,2024
2024-07-02 22:00:00+00:00,-6.5260029042554715,-1.521266666666482,2331.0248666666666,9,1,2024
2024-07-03 22:00:00+00:00,15.206787057651086,3.584000000000136,2356.8540000000003,9,2,2024
2024-07-04 22:00:00+00:00,4.614229292332833,1.0875666666665893,2357.0484666666666,9,3,2024
2024-07-08 22:00:00+00:00,12.496695451977274,2.948833333333672,2359.6975,9,0,2024
2024-07-09 22:00:00+00:00,10.498809911028177,2.481933333333624,2364.0177,9,1,2024
2024-07-10 22:00:00+00:00,10.413065608611664,2.469966666666854,2371.9953333333337,9,2,2024
2024-07-11 22:00:00+00:00,-13.96026857710498,-3.3683999999996863,2412.8223,9,3,2024
2024-07-15 22:00:00+00:00,10.264147693735511,2.4856999999998757,2421.7374333333337,9,0,2024
2024-07-16 22:00:00+00:00,26.511363153724787,6.541700000000371,2467.5169,9,1,2024
2024-07-17 22:00:00+00:00,7.359698125331381,1.8100000000004002,2459.3436,9,2,2024
2024-07-18 22:00:00+00:00,-73.20058146071523,-17.898466666666383,2445.124733333333,9,3,2024
2024-07-22 22:00:00+00:00,16.276132951774343,3.9018333333331916,2397.2932333333333,9,0,2024
2024-07-23 22:00:00+00:00,-7.602031560174764,-1.8313666666663266,2409.0476,9,1,2024
2024-07-24 22:00:00+00:00,-38.161746345198836,-9.143766666666428,2395.996,9,2,2024
2024-07-25 22:00:00+00:00,8.035240960070048,1.9003666666665897,2365.064666666667,9,3,2024
2024-07-29 22:00:00+00:00,-15.719993186986805,-3.7466333333330417,2383.3507999999997,9,0,2024
2024-07-30 22:00:00+00:00,-7.188897529346396,-1.732566666666268,2410.0205666666666,9,1,2024
2024-07-31 22:00:00+00:00,17.451335113674798,4.271600000000035,2447.7330333333334,9,2,2024
2024-08-01 22:00:00+00:00,3.3231353270386887,0.8121333333335011,2445.3603333333335,9,3,2024
2024-08-05 22:00:00+00:00,8.687074129585381,2.095700000000003,2412.5001666666667,9,0,2024
2024-08-06 22:00:00+00:00,-25.459614778184964,-6.084366666666331,2389.7659333333336,9,1,2024
2024-08-07 22:00:00+00:00,18.779143890729706,4.4733333333336605,2382.1162,9,2,2024
2024-08-08 22:00:00+00:00,-5.814817760381748,-1.4110333333331557,2426.2584666666667,9,3,2024
2024-08-12 22:00:00+00:00,-18.41518755217874,-4.552333333333536,2471.9017333333336,9,0,2024
2024-08-13 22:00:00+00:00,8.553598111179328,2.1083666666669765,2465.0439,9,1,2024
2024-08-14 22:00:00+00:00,6.3773427565194645,1.561466666667305,2448.4635666666663,9,2,2024
2024-08-15 22:00:00+00:00,7.087809430921761,1.7407666666666348,2456.0097,9,3,2024
2024-08-19 22:00:00+00:00,-3.2508231729406427,-0.8141666666665515,2504.408766666667,9,0,2024
2024-08-20 22:00:00+00:00,-2.444115691695224,-0.614666666666532,2514.6633666666667,9,1,2024
2024-08-21 22:00:00+00:00,-8.348159587059378,-2.0980666666664547,2513.1618333333336,9,2,2024
2024-08-22 22:00:00+00:00,19.710194689546718,4.898100000000189,2485.0597666666667,9,3,2024
2024-08-26 22:00:00+00:00,-24.891392774400945,-6.267266666666728,2517.8414000000002,9,0,2024
2024-08-27 22:00:00+00:00,-20.629952930039433,-5.210300000000037,2525.5984333333336,9,1,2024
2024-08-28 22:00:00+00:00,24.36179443485557,6.10550000000012,2506.1933,9,2,2024
2024-08-29 22:00:00+00:00,-16.881261782615965,-4.256633333332805,2521.5126,9,3,2024
2024-09-02 22:00:00+00:00,-23.059854970169408,-5.7635999999994665,2499.3913,9,0,2024
2024-09-03 22:00:00+00:00,0.011250148637425326,0.002800000000055055,2492.930966666667,9,1,2024
2024-09-04 22:00:00+00:00,2.931040529714565,0.7314333333338254,2495.6011,9,2,2024
2024-09-05 22:00:00+00:00,-7.934482782389815,-1.996833333333143,2516.6467,9,3,2024
2024-09-09 22:00:00+00:00,-8.250280138499434,-2.0680666666662546,2506.6567333333332,9,0,2024
2024-09-10 22:00:00+00:00,1.031101423493872,0.25953333333382034,2517.1651333333334,9,1,2024
2024-09-11 22:00:00+00:00,-2.8061492115442515,-0.7053999999998268,2513.751266666666,9,2,2024
2024-09-12 22:00:00+00:00,13.884589545319583,3.5525666666668863,2558.6403666666665,9,3,2024
2024-09-16 22:00:00+00:00,-10.23964220807848,-2.6451999999999316,2583.2848,9,0,2024
2024-09-17 22:00:00+00:00,9.049282832611631,2.3261666666667224,2570.5586,9,1,2024
2024-09-18 22:00:00+00:00,-8.662203560344246,-2.216399999999794,2558.5879,9,2,2024
2024-09-19 22:00:00+00:00,-0.7100005126306175,-0.18369999999958964,2587.1660666666667,9,3,2024
2024-09-23 22:00:00+00:00,-3.059618491468717,-0.8040666666664341,2627.968766666667,9,0,2024
2024-09-24 22:00:00+00:00,2.9569310381951683,0.7861333333336612,2658.698033333333,9,1,2024
2024-09-25 22:00:00+00:00,4.734479780287194,1.2584333333334143,2658.0889666666667,9,2,2024
2024-09-26 22:00:00+00:00,-9.385856765213154,-2.508466666666512,2672.5950333333335,9,3,2024
2024-09-30 22:00:00+00:00,13.714646323421992,3.612566666667135,2634.0944,9,0,2024
2024-10-01 22:00:00+00:00,-13.81266838854286,-3.677666666666331,2662.5218999999997,9,1,2024
2024-10-02 22:00:00+00:00,-9.03051322039233,-2.402066666666542,2659.9315666666666,9,2,2024
2024-10-03 22:00:00+00:00,5.755682759588186,1.52853333333375,2655.8892333333333,9,3,2024
2024-10-07 22:00:00+00:00,0.9190272024805094,0.24283333333384385,2643.3873,9,0,2024
2024-10-08 22:00:00+00:00,-5.282601718981888,-1.3849666666668174,2621.7233,9,1,2024
2024-10-10 00:10:00+00:00,21.58464494502722,5.630200000000211,2608.506,9,3,2024
2024-10-10 22:00:00+00:00,22.69802604931403,5.967833333333601,2629.233166666667,9,3,2024
2024-10-14 22:00:00+00:00,-1.9484528927226341,-0.5162000000001777,2649.177133333333,9,0,2024
2024-10-15 22:00:00+00:00,5.1529917529202915,1.3719000000003991,2662.3538,9,1,2024
2024-10-16 22:00:00+00:00,17.055006662128367,4.561833333333804,2674.7770333333333,9,2,2024
2024-10-17 22:00:00+00:00,20.682651289420722,5.570533333333363,2693.3532333333333,9,3,2024
2024-10-21 22:00:00+00:00,25.213784839700768,6.858133333333778,2719.9981666666663,9,0,2024
2024-10-22 22:00:00+00:00,-20.79877059856833,-5.71496666666629,2747.7412333333327,9,1,2024
2024-10-23 22:00:00+00:00,23.545939527225116,6.397966666667041,2717.247233333333,9,2,2024
2024-10-24 22:00:00+00:00,-12.738960031286922,-3.4845666666663724,2735.3605333333335,9,3,2024
2024-10-28 22:00:00+00:00,27.163991749407522,7.445933333333566,2741.1343333333334,9,0,2024
2024-10-29 22:00:00+00:00,17.75864863498346,4.925966666666834,2773.852733333333,9,1,2024
2024-10-30 22:00:00+00:00,-2.5860895828906028,-0.7209333333330505,2787.312,9,2,2024
2024-10-31 22:00:00+00:00,-1.1677538720665745,-0.32083333333306047,2747.3021,9,3,2024
2024-11-04 23:00:00+00:00,-20.62758730003551,-5.6471666666660285,2737.6613999999995,9,0,2024
2024-11-05 23:00:00+00:00,-1.517746587646518,-0.4164333333331645,2743.755033333333,9,1,2024
2024-11-06 23:00:00+00:00,-39.53912317933867,-10.532600000000002,2663.8269,9,2,2024
2024-11-07 23:00:00+00:00,-24.63358901916059,-6.6646999999998116,2705.4417,9,3,2024
2024-11-11 23:00:00+00:00,6.271132815109954,1.6440666666670343,2621.710833333333,9,0,2024
2024-11-12 23:00:00+00:00,36.9565332795031,9.606033333333775,2599.2960333333335,9,1,2024
2024-11-13 23:00:00+00:00,-56.57652695426931,-14.574933333333016,2576.0313666666666,9,2,2024
2024-11-14 23:00:00+00:00,4.8162274540908445,1.2361000000002302,2566.5500666666667,9,3,2024
2024-11-18 23:00:00+00:00,26.034565860504326,6.80046666666658,2612.1092333333336,9,0,2024
2024-11-19 23:00:00+00:00,25.03779062540753,6.59356666666675,2633.538466666667,9,1,2024
2024-11-20 23:00:00+00:00,17.39370319679579,4.608666666666674,2649.632066666667,9,2,2024
2024-11-21 23:00:00+00:00,45.92211876678324,12.258300000000267,2669.406433333333,9,3,2024
2024-11-25 23:00:00+00:00,-3.378477359146809,-0.8879000000000209,2628.042166666667,9,0,2024
2024-11-26 23:00:00+00:00,12.683518132542453,3.338066666666691,2631.814666666667,9,1,2024
2024-11-27 23:00:00+00:00,-36.80356860216247,-9.707399999999476,2637.6148666666663,9,2,2024
2024-11-28 23:00:00+00:00,57.032121054106014,15.051100000000284,2639.0572666666667,9,3,2024
2024-12-02 23:00:00+00:00,-16.95581526747185,-4.477533333333213,2640.5946,9,0,2024
2024-12-03 23:00:00+00:00,5.792539270958617,1.5305000000004536,2642.2164666666667,9,1,2024
2024-12-04 23:00:00+00:00,-13.819956439289252,-3.6622333333333095,2649.9441666666667,9,2,2024
2024-12-05 23:00:00+00:00,-42.31300661150194,-11.138966666666116,2632.4905999999996,9,3,2024
2024-12-09 23:00:00+00:00,25.87568614481668,6.885666666666869,2661.0615,9,0,2024
2024-12-10 23:00:00+00:00,19.071536207013324,5.1397333333334245,2694.9873,9,1,2024
2024-12-11 23:00:00+00:00,-41.05949231411887,-11.165099999999862,2719.2362333333335,9,2,2024
2024-12-12 23:00:00+00:00,24.96633623586505,6.693766666667064,2681.120733333333,9,3,2024
2024-12-16 23:00:00+00:00,15.011947542505844,3.9820333333333715,2652.5871333333334,9,0,2024
2024-12-17 23:00:00+00:00,7.185677892853396,1.9017999999997908,2646.657266666667,9,1,2024
2024-12-18 23:00:00+00:00,77.89055313310021,20.181266666666943,2591.0445,9,2,2024
2024-12-19 23:00:00+00:00,13.029533998079529,3.3820000000002133,2595.6933666666664,9,3,2024
2024-12-23 23:00:00+00:00,9.421944886848632,2.4636666666665406,2614.8347333333336,9,0,2024
2024-12-25 23:00:00+00:00,30.21653789402181,7.912600000000111,2618.6646,9,2,2024
2024-12-26 23:05:00+00:00,-10.236335848984957,-2.6957999999998115,2633.539133333333,9,3,2024
2024-12-30 23:00:00+00:00,12.142339347924349,3.1630000000001623,2604.9466333333335,9,0,2024
2025-01-01 23:00:00+00:00,33.6595608881975,8.83656666666669,2625.2936,9,2,2025
2025-01-02 23:00:00+00:00,5.817006523515902,1.5464999999999236,2658.6159000000002,9,3,2025
2025-01-06 23:00:00+00:00,8.602868929079888,2.2677000000001803,2636.0219,9,0,2025
2025-01-07 23:00:00+00:00,-5.361288883573372,-1.420466666666319,2649.4534000000003,9,1,2025
2025-01-08 23:00:00+00:00,-18.65300446279708,-4.966933333332842,2662.8053666666665,9,2,2025
2025-01-09 23:00:00+00:00,4.910049930387624,1.3115000000000994,2671.0533666666665,9,3,2025
2025-01-13 23:00:00+00:00,16.55951660838664,4.4140000000005175,2665.570066666666,9,0,2025
2025-01-14 23:00:00+00:00,-20.288568528214626,-5.431266666666488,2676.9970333333335,9,1,2025
2025-01-15 23:00:00+00:00,1.5903049345545575,0.42870000000008684,2696.1100333333334,9,2,2025
2025-01-16 23:00:00+00:00,0.6555004004830283,0.1779333333336884,2714.7668,9,3,2025
2025-01-20 23:00:00+00:00,47.660443723827804,12.907500000000255,2708.253,9,0,2025
2025-01-21 23:00:00+00:00,17.10548321272428,4.69286666666676,2743.5435333333335,9,1,2025
2025-01-22 23:00:00+00:00,-11.203001639863635,-3.087400000000192,2755.8548,9,2,2025
2025-01-23 23:00:00+00:00,49.217610956892216,13.557133333333544,2754.5308333333332,9,3,2025
2025-01-27 23:00:00+00:00,-4.501146794024171,-1.2339333333332736,2741.0474333333336,9,0,2025
2025-01-28 23:00:00+00:00,-2.568260990547124,-0.7100333333334371,2764.619466666667,9,1,2025
2025-01-29 23:00:00+00:00,-0.40538109143488316,-0.11196666666622453,2760.1163333333334,9,2,2025
2025-01-30 23:00:00+00:00,2.5064264788115134,0.7003666666672265,2795.3663333333334,9,3,2025
2025-02-03 23:00:00+00:00,21.971984918969557,6.183466666666845,2814.2523,9,0,2025
2025-02-04 23:00:00+00:00,24.509488937150966,6.964533333333748,2841.571933333333,9,1,2025
2025-02-05 23:00:00+00:00,12.657042082370332,3.6289666666668077,2867.164866666667,9,2,2025
2025-02-06 23:00:00+00:00,36.67508398868623,10.478233333333415,2857.047233333333,9,3,2025
2025-02-10 23:00:00+00:00,65.27528298565882,19.005066666667062,2911.5441,9,0,2025
2025-02-11 23:00:00+00:00,-18.957464286245678,-5.496266666666543,2899.105466666667,9,1,2025
2025-02-12 23:00:00+00:00,8.250655089227028,2.396499999999984,2904.659866666667,9,2,2025
2025-02-13 23:00:00+00:00,-2.545112060459475,-0.7454666666661373,2928.7947,9,3,2025
2025-02-17 23:00:00+00:00,-0.3625905045047839,-0.1051333333328633,2898.4711666666662,9,0,2025
2025-02-18 23:00:00+00:00,-2.8966103546110196,-0.8502999999999096,2935.1289666666667,9,1,2025
2025-02-19 23:00:00+00:00,10.845805527616161,3.1832333333331917,2935.049466666667,9,2,2025
2025-02-20 23:00:00+00:00,-15.967932655428863,-4.694199999999758,2939.7585,9,3,2025
2025-02-24 23:00:00+00:00,-5.985357832488142,-1.766399999999673,2950.861033333333,9,0,2025
2025-02-25 23:00:00+00:00,11.311320925848802,3.2976333333334273,2915.4360333333334,9,1,2025
2025-02-26 23:00:00+00:00,-24.013825672149043,-7.00619999999996,2917.5288666666665,9,2,2025
2025-02-27 23:00:00+00:00,-12.86818519608345,-3.703299999999975,2877.8359,9,3,2025
2025-03-03 23:00:00+00:00,-23.013918410418317,-6.65759999999985,2892.8455999999996,9,0,2025
2025-03-04 23:00:00+00:00,-38.64193644234657,-11.272433333333083,2917.1494000000002,9,1,2025
2025-03-05 23:00:00+00:00,20.070876378039358,5.85733333333322,2918.3712,9,2,2025
2025-03-06 23:00:00+00:00,-17.71031831319114,-5.157166666666247,2911.9018666666666,9,3,2025
2025-03-10 22:00:00+00:00,3.1668202745818395,0.9145333333335657,2887.9198333333334,9,0,2025
2025-03-11 22:00:00+00:00,-7.958600763283875,-2.3215999999999135,2916.5776333333333,9,1,2025
2025-03-12 22:00:00+00:00,8.168119629227158,2.3979000000003907,2935.6842333333334,9,2,2025
2025-03-13 22:00:00+00:00,5.463614613734779,1.630433333333561,2984.280733333333,9,3,2025
2025-03-17 22:00:00+00:00,8.566921219776411,2.570833333333667,3000.9464666666663,9,0,2025
2025-03-18 22:00:00+00:00,-11.883148474691234,-3.6047333333332667,3033.4738333333335,9,1,2025
2025-03-19 22:00:00+00:00,7.010201658739138,2.13786666666662,3049.9003,9,2,2025
2025-03-20 22:00:00+00:00,-15.691443601273464,-4.777699999999943,3044.7693666666664,9,3,2025
2025-03-24 22:00:00+00:00,2.576500806293811,0.775900000000244,3011.688833333333,9,0,2025
2025-03-25 22:00:00+00:00,-6.1358475925235005,-1.8543999999995624,3022.0153,9,1,2025
2025-03-26 22:00:00+00:00,16.643609948680176,5.026066666666945,3019.9799666666668,9,2,2025
2025-03-27 22:00:00+00:00,34.660227554877515,10.592866666667001,3056.2268,9,3,2025
2025-03-31 22:00:00+00:00,23.719621474895163,7.409933333333508,3124.2375333333334,9,0,2025
2025-04-01 22:00:00+00:00,56.86132531137716,17.69203333333371,3111.8265333333334,9,1,2025
2025-04-02 22:00:00+00:00,26.877768452458426,8.44880000000027,3143.566333333333,9,2,2025
2025-04-03 22:00:00+00:00,-11.743501069765061,-3.6578666666664503,3114.7316666666666,9,3,2025
2025-04-07 22:00:00+00:00,30.069765946680604,8.974000000000311,2984.411,9,0,2025
2025-04-08 22:00:00+00:00,33.79058299806866,10.07816666666713,2982.568,9,1,2025
2025-04-09 22:00:00+00:00,54.19737186450693,16.67033333333332,3075.922666666667,9,2,2025
2025-04-10 22:00:00+00:00,86.73107073812267,27.578500000000076,3179.7889999999998,9,3,2025
2025-04-14 22:00:00+00:00,20.457657269167058,6.572333333333518,3212.6996666666664,9,0,2025
2025-04-15 22:00:00+00:00,105.18207123800069,33.9966666666669,3232.1780000000003,9,1,2025
2025-04-16 22:00:00+00:00,-46.23875541021624,-15.510333333333014,3354.3753333333334,9,2,2025
2025-04-21 22:00:00+00:00,20.647104538424596,7.085333333333438,3432.0536666666667,9,0,2025
2025-04-22 22:00:00+00:00,115.3864634197958,38.45566666666688,3332.983,9,1,2025
2025-04-23 22:00:00+00:00,118.57045442408224,39.246000000000244,3309.940666666667,9,2,2025
2025-04-24 22:00:00+00:00,-6.221599962233178,-2.0887833333332915,3355.2627833333336,9,3,2025
2025-04-28 22:00:00+00:00,-29.585984809636006,-9.88166666666666,3338.606333333333,9,0,2025
2025-04-29 22:05:00+00:00,-22.1214263536893,-7.345999999999549,3320.6966666666667,9,1,2025
2025-04-30 22:00:00+00:00,-107.03863777107838,-35.10633333333302,3279.193,9,2,2025
2025-05-01 22:00:00+00:00,-10.795480955738235,-3.4943333333333917,3236.758333333333,9,3,2025
2025-05-05 22:00:00+00:00,73.49965458369834,24.47900000000027,3330.497,9,0,2025
2025-05-06 22:00:00+00:00,-102.68880499245455,-34.99833333333314,3407.7866666666664,9,1,2025
2025-05-07 22:00:00+00:00,67.95300526495274,22.89436666666673,3369.1736666666666,9,2,2025
2025-05-08 22:00:00+00:00,-31.028800582847825,-10.286333333333308,3315.063666666667,9,3,2025
2025-05-12 22:00:00+00:00,-13.780618566710626,-4.459333333333234,3235.84,9,0,2025
2025-05-13 22:00:00+00:00,-21.895449089826954,-7.118333333332885,3251.0293333333334,9,1,2025
2025-05-14 22:00:00+00:00,-1.2355029301855813,-0.39333333333327875,3182.1620000000003,9,2,2025
2025-05-15 22:00:00+00:00,-52.23028265732762,-16.95419999999952,3246.0453333333335,9,3,2025
2025-05-19 22:00:00+00:00,-15.403712073819545,-4.972999999999502,3227.9196666666667,9,0,2025
2025-05-20 22:00:00+00:00,-15.269154674354127,-5.0396666666662595,3300.4223333333334,9,1,2025
2025-05-21 22:00:00+00:00,43.377369089627535,14.395233333333787,3318.6767333333332,9,2,2025
2025-05-22 22:00:00+00:00,19.542852775000643,6.442500000000412,3296.6222666666667,9,3,2025
2025-05-26 22:00:00+00:00,-13.280701979679707,-4.441466666666808,3344.2631333333334,9,0,2025
2025-05-27 22:00:00+00:00,3.4676315820412156,1.145833333333485,3304.3862,9,1,2025
2025-05-28 22:00:00+00:00,-91.09898009850528,-29.98316666666642,3291.2475,9,2,2025
2025-05-29 22:00:00+00:00,-13.371555576602232,-4.435399999999997,3317.0202333333336,9,3,2025
2025-06-02 22:00:00+00:00,-44.19733207795201,-14.96993333333315,3386.9827333333333,9,0,2025
2025-06-03 22:00:00+00:00,13.110964395209878,4.4012333333336455,3356.931633333333,9,1,2025
2025-06-04 22:00:00+00:00,9.06654846477654,3.058933333333395,3373.869666666667,9,2,2025
2025-06-05 22:00:00+00:00,20.33772759310888,6.826633333333727,3356.733033333333,9,3,2025
2025-06-09 22:00:00+00:00,-43.29475280944145,-14.396899999999883,3325.2860333333333,9,0,2025
2025-06-10 22:00:00+00:00,25.938061292355226,8.61966666666664,3323.2647,9,1,2025
2025-06-11 22:00:00+00:00,25.580107907309866,8.599100000000362,3361.7935666666663,9,2,2025
2025-06-12 22:00:00+00:00,121.18990171363336,41.001133333333804,3383.251133333333,9,3,2025
2025-06-16 22:00:00+00:00,21.85812893948105,7.405766666666902,3388.1309333333334,9,0,2025
2025-06-17 22:00:00+00:00,-29.76250544505503,-10.100999999999658,3393.8647333333333,9,1,2025
2025-06-18 22:00:00+00:00,6.739652355257155,2.2747000000000903,3375.5514666666663,9,2,2025
2025-06-19 22:00:00+00:00,-13.17344265857857,-4.434666666666544,3366.1795,9,3,2025
2025-06-23 22:00:00+00:00,-27.20074535110511,-9.139066666666471,3358.220033333333,9,0,2025
2025-06-24 22:00:00+00:00,20.39639344627797,6.777833333333395,3323.0884666666666,9,1,2025
2025-06-25 22:00:00+00:00,-6.778068100901643,-2.2598999999998646,3333.913433333333,9,2,2025
2025-06-26 22:00:00+00:00,-17.077768658913147,-5.677133333333283,3324.1927333333333,9,3,2025
2025-06-30 22:00:00+00:00,38.13986206590768,12.603466666667222,3304.690433333333,9,0,2025
2025-07-01 22:00:00+00:00,-12.329953786523228,-4.117366666666385,3339.2300999999998,9,1,2025
2025-07-02 22:00:00+00:00,-49.906544915321064,-16.775033333332885,3361.2289,9,2,2025
2025-07-03 22:00:00+00:00,14.888189569236074,4.950533333333472,3325.1547333333333,9,3,2025
2025-07-07 22:00:00+00:00,-30.34970806385523,-10.149333333333288,3344.0871666666667,9,0,2025
2025-07-08 22:00:00+00:00,4.805607151208492,1.5868333333337432,3303.1145666666666,9,1,2025
2025-07-09 22:00:00+00:00,7.944888314889225,2.6357666666669197,3318.3130333333334,9,2,2025
2025-07-10 22:00:00+00:00,11.54230543056036,3.8378000000000916,3325.3093666666664,9,3,2025
2025-07-14 22:00:00+00:00,13.22955110997094,4.4222666666667765,3342.7869,9,0,2025
2025-07-15 22:00:00+00:00,10.570480930661109,3.517533333333631,3327.7181333333333,9,1,2025
2025-07-16 22:00:00+00:00,-28.73138678525622,-9.628799999999805,3351.2116,9,2,2025
2025-07-17 22:00:00+00:00,-7.5830506722328925,-2.5330666666665516,3340.284633333333,9,3,2025
2025-07-21 22:00:00+00:00,-27.361786585007174,-9.30196666666628,3399.6066666666666,9,0,2025
2025-07-22 22:00:00+00:00,-16.530071980354908,-5.67036666666642,3430.237933333333,9,1,2025
2025-07-23 22:00:00+00:00,-5.106196146857779,-1.731733333333371,3390.8290333333334,9,2,2025
2025-07-24 22:00:00+00:00,6.68452175352205,2.251033333333453,3367.5691333333334,9,3,2025
2025-07-28 22:00:00+00:00,3.074187987900107,1.0185666666672357,3313.4679333333333,9,0,2025
2025-07-29 22:00:00+00:00,-0.4393348743718192,-0.1463333333334352,3327.604266666667,9,1,2025
2025-07-30 22:00:00+00:00,31.18210563279127,10.223233333333459,3278.6767333333332,9,2,2025
2025-07-31 22:00:00+00:00,-13.707508866213304,-4.512999999999768,3292.249433333333,9,3,2025
2025-08-04 22:00:00+00:00,11.402708314441252,3.848900000000564,3375.4629999999997,9,0,2025
2025-08-05 22:00:00+00:00,-4.49163701415546,-1.5183999999999287,3380.341566666667,9,1,2025
2025-08-06 22:00:00+00:00,13.121206386311965,4.424999999999879,3372.8692666666666,9,2,2025
2025-08-07 22:00:00+00:00,-33.46122671015915,-11.371566666666544,3397.0184666666664,9,3,2025
2025-08-11 22:00:00+00:00,16.376876605150212,5.47963333333352,3346.0082333333335,9,0,2025
2025-08-12 22:00:00+00:00,-15.717605172773297,-5.268366666666073,3351.754333333333,9,1,2025
2025-08-13 22:00:00+00:00,28.646501824209395,9.618866666666994,3357.7954999999997,9,2,2025
2025-08-14 22:00:00+00:00,5.070180775408638,1.69093333333376,3335.7544333333335,9,3,2025
2025-08-18 22:00:00+00:00,-1.2435082265911725,-0.4145666666665117,3333.6956333333333,9,0,2025
2025-08-19 22:00:00+00:00,-8.606272969331837,-2.854699999999563,3316.9944666666665,9,1,2025
2025-08-20 22:00:00+00:00,-26.768429067436543,-8.9709333333329,3351.2879999999996,9,2,2025
2025-08-21 22:00:00+00:00,-8.467312921370846,-2.827699999999974,3339.5222000000003,9,3,2025
2025-08-25 22:00:00+00:00,35.855089740252225,12.067266666666606,3365.569366666667,9,0,2025
2025-08-26 22:00:00+00:00,-11.40713476381098,-3.867833333333086,3390.3988333333336,9,1,2025
2025-08-27 22:00:00+00:00,-25.387267498724988,-8.623966666666547,3396.955933333333,9,2,2025
2025-08-28 22:00:00+00:00,-21.222626944771836,-7.254266666666505,3418.172433333333,9,3,2025
2025-09-01 22:00:00+00:00,36.564820078429264,12.7185000000001,3478.3448333333336,9,0,2025
2025-09-02 22:00:00+00:00,8.070214641508247,2.852133333333768,3534.1720333333333,9,1,2025
2025-09-03 22:00:00+00:00,-21.866586326090818,-7.786333333333157,3560.8347000000003,9,2,2025
2025-09-04 22:00:00+00:00,30.55592780814963,10.822700000000319,3542.0101999999997,9,3,2025
2025-09-08 22:00:00+00:00,19.99340986938243,7.268433333333481,3635.538433333333,9,0,2025
2025-09-09 22:00:00+00:00,-11.295035436110012,-4.100133333333209,3629.055,9,1,2025
2025-09-10 22:00:00+00:00,9.520823897139877,3.465533333333345,3640.6901333333335,9,2,2025
2025-09-11 22:00:00+00:00,12.847635155991806,4.6725333333333765,3636.9212666666667,9,3,2025
2025-09-15 22:00:00+00:00,8.714877989477559,3.205200000000332,3677.891566666667,9,0,2025
2025-09-16 22:00:00+00:00,-17.46997272648626,-6.449266666666517,3691.5962999999997,9,1,2025
2025-09-17 22:00:00+00:00,-8.506207067969454,-3.115866666666534,3661.8293,9,2,2025
2025-09-18 22:00:00+00:00,-2.489235541406706,-0.9068666666663981,3643.0924333333332,9,3,2025
2025-09-22 22:00:00+00:00,9.901718107030744,3.7093666666667864,3746.4462333333336,9,0,2025
2025-09-23 22:00:00+00:00,-13.620277134587653,-5.128033333333406,3764.9451333333336,9,1,2025
2025-09-24 22:00:00+00:00,5.751941618460505,2.151466666666541,3740.6099,9,2,2025
2025-09-25 22:00:00+00:00,-12.607808028251348,-4.725099999999657,3747.6469666666662,9,3,2025
2025-09-29 22:00:00+00:00,35.00258435836302,13.406033333333502,3830.034033333333,9,0,2025
2025-09-30 22:00:00+00:00,10.376439981425676,4.005833333333915,3860.5144999999998,9,1,2025
2025-10-01 22:00:00+00:00,-2.999997810470703,-1.1589333333331524,3862.4828,9,2,2025
2025-10-02 22:00:00+00:00,0.503766357021324,0.19333333333346067,3855.132566666666,9,3,2025
2025-10-06 22:00:00+00:00,-25.222516284126357,-10.014866666666725,3969.699966666667,9,0,2025
2025-10-07 22:00:00+00:00,16.586195615088858,6.615600000000086,3988.731266666667,9,1,2025
2025-10-08 22:00:00+00:00,0.3611036264736549,0.14403333333302726,4024.1043666666674,9,2,2025
2025-10-09 22:00:00+00:00,20.70284235390031,8.223600000000411,3973.2916666666665,9,3,2025
2025-10-13 22:00:00+00:00,54.72922872554086,22.51099999999921,4113.1609,9,0,2025
2025-10-14 22:00:00+00:00,43.91564998616187,18.25106666666549,4157.9516,9,1,2025
2025-10-15 22:00:00+00:00,34.24964841948233,14.408666666665644,4207.0103,9,2,2025
2025-10-16 22:00:00+00:00,-52.5186410150172,-22.90463333333446,4357.765466666668,9,3,2025
2025-10-20 22:00:00+00:00,-25.423629994161814,-11.107766666666976,4367.3938333333335,9,0,2025
2025-10-21 22:00:00+00:00,-76.5340074748667,-31.533633333333455,4119.9348666666665,9,1,2025
2025-10-22 22:00:00+00:00,-55.519433530046136,-22.782966666666805,4103.123733333334,9,2,2025
2025-10-23 22:00:00+00:00,10.96869022766171,4.522099999999227,4124.417866666667,9,3,2025
2025-10-27 22:00:00+00:00,51.41815833655565,20.50606666666651,3988.235066666667,9,0,2025
2025-10-28 22:00:00+00:00,92.3857774660697,36.3745666666667,3937.3245333333334,9,1,2025
2025-10-29 22:00:00+00:00,38.841673169856556,15.276266666666894,3933.7693,9,2,2025
2025-10-30 22:00:00+00:00,7.133390326406405,2.8682000000003427,4021.5256666666664,9,3,2025
2025-11-03 23:00:00+00:00,-19.33190806629024,-7.724433333332702,3993.4588999999996,9,0,2025
2025-11-04 23:00:00+00:00,8.825021848729426,3.4745666666669117,3937.409766666666,9,1,2025
2025-11-05 23:00:00+00:00,22.28157173257692,8.846166666667008,3970.199133333333,9,2,2025
2025-11-06 23:00:00+00:00,36.43870366335821,14.51186666666687,3982.6829999999995,9,3,2025
2025-11-10 23:00:00+00:00,39.90900536514119,16.44013333333199,4119.4690666666675,9,0,2025
2025-11-11 23:00:00+00:00,-10.449114081378026,-4.319900000000719,4133.088133333335,9,1,2025
2025-11-12 23:00:00+00:00,-28.199742366257453,-11.853033333334375,4201.535566666667,9,2,2025
2025-11-13 23:00:00+00:00,47.22640035088272,19.734066666665665,4178.754000000001,9,3,2025
2025-11-17 23:00:00+00:00,-64.67480912072651,-26.19523333333321,4050.2739,9,0,2025
2025-11-18 23:00:00+00:00,-15.993728932073724,-6.5135999999996175,4072.563066666666,9,1,2025
2025-11-19 23:00:00+00:00,-51.581448593007046,-21.090699999999742,4088.6227,9,2,2025
2025-11-20 23:00:00+00:00,-41.574911627543116,-16.976733333333566,4083.114166666667,9,3,2025
2025-11-24 23:00:00+00:00,28.43854073571326,11.746399999999388,4131.1875,9,0,2025
2025-11-25 23:00:00+00:00,55.8274293757776,23.07993333333282,4134.1655,9,1,2025
2025-11-26 23:00:00+00:00,-42.52195483299455,-17.72443333333437,4168.285033333334,9,2,2025
2025-11-27 23:00:00+00:00,65.25572221747153,27.16299999999895,4162.554800000001,9,3,2025
2025-12-01 23:00:00+00:00,-35.11782946331354,-14.868666666667195,4233.936666666667,9,0,2025
2025-12-02 23:00:00+00:00,25.056606794361564,10.549333333332774,4210.5215333333335,9,1,2025
2025-12-03 23:00:00+00:00,-6.991575047008053,-2.942166666667314,4207.923500000001,9,2,2025
2025-12-04 23:00:00+00:00,-14.498458714099977,-6.101566666666561,4208.4208,9,3,2025
2025-12-08 23:00:00+00:00,-0.5852206067141686,-0.24536666666760235,4192.1827,9,0,2025
2025-12-09 23:00:00+00:00,12.209728024841217,5.139466666665915,4209.341866666667,9,1,2025
2025-12-10 23:00:00+00:00,4.86297266589681,2.055366666665274,4227.7219000000005,9,2,2025
2025-12-11 23:00:00+00:00,-25.18531901172367,-10.784633333333963,4282.108833333334,9,3,2025
2025-12-15 23:00:00+00:00,-9.474563785485376,-4.080566666667437,4306.844566666668,9,0,2025
2025-12-16 23:00:00+00:00,34.69093313533973,14.93519999999929,4305.274333333334,9,1,2025
2025-12-17 23:00:00+00:00,-11.337807855671501,-4.918133333333874,4337.702333333334,9,2,2025
2025-12-18 23:00:00+00:00,-33.07443387742445,-14.339600000000852,4335.5446,9,3,2025
2025-12-22 23:00:00+00:00,74.60476561270508,33.238166666666075,4455.333833333334,9,0,2025
2025-12-23 23:00:00+00:00,13.0177915058438,5.85109999999986,4494.890666666667,9,1,2025
2025-12-25 23:00:00+00:00,29.329349009364527,13.172233333332466,4491.3513,9,3,2025
2025-12-29 23:00:00+00:00,44.89449049336569,19.471833333332143,4339.328033333334,9,0,2025
2025-12-30 23:00:00+00:00,32.554779426356276,14.14079999999952,4344.095033333334,9,1,2025
2026-01-01 23:00:00+00:00,43.24014467816782,18.738866666665672,4333.784666666667,9,3,2026
2026-01-05 23:00:00+00:00,1.5907778929375864,0.7068333333330278,4454.301333333334,9,0,2026
2026-01-06 23:00:00+00:00,-62.1225002645908,-27.948100000000824,4498.860166666667,9,1,2026
2026-01-07 23:00:00+00:00,-40.16235287740797,-17.916933333334175,4461.068000000001,9,2,2026
2026-01-08 23:00:00+00:00,-16.64081856723528,-7.450933333333826,4477.353833333334,9,3,2026
2026-01-12 23:00:00+00:00,-2.338628178480845,-1.0816000000007382,4585.983233333334,9,0,2026
2026-01-13 23:00:00+00:00,53.327215842291665,24.5045333333328,4595.194833333334,9,1,2026
2026-01-14 23:00:00+00:00,-21.57587566723262,-9.956633333333835,4614.259566666667,9,2,2026
2026-01-15 23:00:00+00:00,-39.148492327824606,-18.073099999999915,4616.2211,9,3,2026
2026-01-19 23:00:00+00:00,-3.7653937178514827,-1.7590666666671193,4671.5945,9,0,2026
2026-01-20 23:00:00+00:00,151.21803918756964,71.97976666666545,4760.0065,9,1,2026
2026-01-21 23:00:00+00:00,-34.74395737126648,-16.71056666666694,4807.867233333333,9,2,2026
2026-01-22 23:00:00+00:00,12.603535353359554,6.227199999999357,4947.464333333333,9,3,2026
2026-01-26 23:00:00+00:00,48.34209349962302,24.37233333333279,5042.281333333334,9,0,2026
2026-01-27 23:00:00+00:00,86.60424199654419,44.79489999999896,5173.022866666667,9,1,2026
2026-01-28 23:00:00+00:00,112.15325484388944,61.341366666666545,5473.926266666666,9,2,2026
2026-01-29 23:00:00+00:00,-349.290021103387,-189.40173333333436,5421.237000000001,9,3,2026
2026-02-02 23:00:00+00:00,150.16615819383156,70.96203333333263,4727.364866666667,9,0,2026
2026-02-03 23:00:00+00:00,232.85255512364543,114.85636666666566,4932.709433333333,9,1,2026
2026-02-04 23:00:00+00:00,-207.6517130366848,-103.95170000000114,5005.6192666666675,9,2,2026
2026-02-05 23:00:00+00:00,64.81139307404759,30.916533333331852,4772.131233333334,9,3,2026
2026-02-09 23:00:00+00:00,44.4852816325094,22.313699999999397,5016.480500000001,9,0,2026
2026-02-10 23:00:00+00:00,21.54347827860518,10.849933333332652,5038.665333333334,9,1,2026
2026-02-11 23:00:00+00:00,-13.48893367448212,-6.855500000000878,5071.888233333334,9,2,2026
2026-02-12 23:00:00+00:00,142.10366088413082,69.83763333333233,4914.865700000001,9,3,2026
2026-02-16 23:00:00+00:00,-61.469643225191135,-30.698533333334733,4993.635700000002,9,0,2026
2026-02-17 23:00:00+00:00,41.730841694017236,20.352766666666565,4877.9552,9,1,2026
2026-02-18 23:00:00+00:00,-13.404095025233646,-6.6720333333335775,4977.597033333334,9,2,2026
2026-02-19 23:00:00+00:00,-11.727012024918967,-5.867366666667294,5002.337000000001,9,3,2026
2026-02-23 23:00:00+00:00,-124.5094534780013,-65.3074000000006,5245.104733333334,9,0,2026
2026-02-24 23:00:00+00:00,91.31472009830607,46.890333333333125,5135.085333333333,9,1,2026
2026-02-25 23:00:00+00:00,19.99761460492564,10.344533333333251,5174.8419,9,2,2026
2026-02-26 23:00:00+00:00,4.128757006960252,2.140633333332213,5184.769233333333,9,3,2026
2026-03-02 23:00:00+00:00,30.183692977525393,16.113866666665974,5338.621666666668,9,0,2026
2026-03-03 23:00:00+00:00,103.64566207048193,53.02009999999973,5116.277033333334,9,1,2026
2026-03-04 23:00:00+00:00,59.01727882933134,30.403433333332334,5151.971666666667,9,2,2026
2026-03-05 23:00:00+00:00,77.67910505606821,39.53486666666595,5090.0288,9,3,2026
2026-03-09 22:00:00+00:00,50.63766372058162,25.983333333332666,5131.398433333334,9,0,2026
2026-03-10 22:00:00+00:00,38.65234322724646,20.067399999999907,5192.409366666667,9,1,2026
2026-03-11 22:00:00+00:00,-30.48006975176412,-15.773966666666942,5175.119566666667,9,2,2026
2026-03-12 22:00:00+00:00,66.5127403081589,33.81816666666631,5084.9122333333335,9,3,2026
2026-03-16 22:00:00+00:00,16.16414761736904,8.091933333333449,5006.274333333333,9,0,2026
2026-03-17 22:00:00+00:00,2.018419647979355,1.0095666666663117,5002.296,9,1,2026
2026-03-18 22:00:00+00:00,46.1941686722237,22.27666666666543,4822.958666666667,9,2,2026
2026-03-19 22:00:00+00:00,-16.236040413139236,-7.583366666667644,4669.868033333334,9,3,2026
2026-03-23 22:00:00+00:00,-110.58783494567992,-48.6192333333341,4395.210666666668,9,0,2026
2026-03-24 22:00:00+00:00,207.01083364181153,92.83403333333233,4484.504600000001,9,1,2026
2026-03-25 22:00:00+00:00,52.55172908285664,23.70526666666562,4511.085133333334,9,2,2026
2026-03-26 22:00:00+00:00,-2.0538222928599748,-0.9091333333338601,4401.427233333333,9,3,2026
2026-03-30 22:00:00+00:00,151.3820084895431,68.26259999999911,4509.384233333334,9,0,2026
2026-03-31 22:00:00+00:00,73.84543201819478,34.47966666666616,4669.209333333334,9,1,2026
2026-04-01 22:00:00+00:00,-77.94997366461408,-37.1220333333334,4762.137433333333,9,2,2026
2026-04-06 22:00:00+00:00,-44.34816641191043,-20.69290000000092,4665.896666666667,9,0,2026
2026-04-07 22:00:00+00:00,148.9271894480801,70.52749999999985,4736.25,9,1,2026
2026-04-08 22:00:00+00:00,-7.887262548604345,-3.725100000000566,4716.261366666667,9,2,2026
2026-04-09 22:00:00+00:00,-13.50283889212683,-6.4409666666682215,4769.466633333333,9,3,2026
2026-04-13 22:00:00+00:00,40.19515978091338,19.088600000000042,4748.981833333333,9,0,2026
2026-04-14 22:00:00+00:00,0.39118792405854524,0.1854333333321847,4843.865233333334,9,1,2026
2026-04-15 22:00:00+00:00,60.564868922082965,29.04276666666586,4795.484566666667,9,2,2026
2026-04-16 22:00:00+00:00,-23.394590215293483,-11.218899999999545,4795.2899,9,3,2026
2026-04-20 22:00:00+00:00,-28.138336724489957,-13.593133333334057,4830.740333333334,9,0,2026
2026-04-21 22:00:00+00:00,51.38396397934647,24.261166666667123,4721.557333333333,9,1,2026
2026-04-22 22:00:00+00:00,-10.638428340536054,-5.040566666666564,4737.844999999999,9,2,2026
2026-04-23 22:00:00+00:00,7.947924746061371,3.732433333333271,4696.741233333333,9,3,2026
2026-04-27 22:00:00+00:00,-14.52144842142234,-6.809700000000703,4689.387333333334,9,0,2026
2026-04-28 22:00:00+00:00,-18.57306859705615,-8.537666666666459,4596.746666666666,9,1,2026
2026-04-29 22:00:00+00:00,61.31727666179547,27.886433333331905,4547.997666666667,9,2,2026
2026-04-30 22:00:00+00:00,-27.75895185725293,-12.856800000001385,4631.572000000001,9,3,2026
2026-05-04 22:00:00+00:00,31.24058313746105,14.12619999999879,4521.799333333333,9,0,2026
2026-05-05 22:00:00+00:00,157.85581435792793,71.84073333333224,4551.051866666667,9,1,2026
2026-05-06 22:00:00+00:00,10.028479458980371,4.710033333332831,4697.484,9,2,2026
2026-05-07 22:00:00+00:00,40.30860905926533,18.91643333333256,4692.997666666667,9,3,2026
2026-05-11 22:00:00+00:00,-7.25508308358515,-3.4393333333346163,4740.270333333335,9,0,2026
2026-05-12 22:00:00+00:00,-18.61751172004178,-8.779766666667152,4715.642100000001,9,1,2026
2026-05-13 22:00:00+00:00,6.1003296582034405,2.8617000000003827,4692.391966666666,9,2,2026
2026-05-14 22:00:00+00:00,-86.04482053305,-40.07666666666743,4657.577666666668,9,3,2026
2026-05-18 22:00:00+00:00,-25.572284051599404,-11.695666666667421,4573.516,9,0,2026
2026-05-19 22:00:00+00:00,4.5422166998555875,2.035666666666051,4483.048833333334,9,1,2026
2026-05-20 22:00:00+00:00,38.9340577400624,17.674866666665668,4539.746866666667,9,2,2026
2026-05-21 22:00:00+00:00,-32.88185468435207,-14.934900000001411,4541.914500000002,9,3,2026
2026-05-25 22:00:00+00:00,-67.261682350594,-30.76480000000053,4573.888900000001,9,0,2026
2026-05-26 22:00:00+00:00,12.79016423957797,5.764333333332615,4506.972866666667,9,1,2026
2026-05-27 22:00:00+00:00,-69.56056922980461,-31.019100000000737,4459.281,9,2,2026
2026-05-28 22:00:00+00:00,17.47623448796077,7.854733333333267,4494.5248,9,3,2026
2026-06-01 22:00:00+00:00,-8.905820104133474,-3.993733333333997,4484.172566666667,9,0,2026
2026-06-02 22:00:00+00:00,-32.873619011159775,-14.76313333333413,4490.7689,9,1,2026
2026-06-03 22:00:00+00:00,62.40896999628116,27.65746666666625,4431.992166666667,9,2,2026
2026-06-04 22:00:00+00:00,-49.31303304078689,-22.076400000001133,4476.703166666667,9,3,2026
2026-06-08 22:00:00+00:00,9.684795881444309,4.189533333332899,4326.115133333334,9,0,2026
2026-06-09 22:00:00+00:00,-122.75820761727431,-52.232033333333675,4254.858033333334,9,1,2026
2026-06-10 22:00:00+00:00,102.83763264053056,41.667366666666716,4052.0671333333335,9,2,2026
2026-06-11 22:00:00+00:00,-42.8395138769951,-18.033800000000763,4209.5964,9,3,2026
2026-06-15 22:00:00+00:00,7.991714685524832,3.4443333333329065,4313.550666666667,9,0,2026
2026-06-16 22:00:00+00:00,17.496501683388814,7.580333333332722,4332.52,9,1,2026
2026-06-17 22:00:00+00:00,111.07468681768718,47.40093333333274,4267.503666666667,9,2,2026
2026-06-18 22:00:00+00:00,-45.57826852167999,-19.17756666666719,4207.54,9,3,2026
2026-06-22 22:00:00+00:00,-37.35038877904294,-15.660800000000563,4192.9364000000005,9,0,2026
2026-06-23 22:00:00+00:00,-45.55291502823811,-18.737133333333986,4113.217900000001,9,1,2026
2026-06-24 22:00:00+00:00,-41.76620150928336,-16.717366666666294,4002.5513333333333,9,2,2026
2026-06-25 22:00:00+00:00,-7.670424798697592,-3.0873999999997372,4024.209666666667,9,3,2026
2026-06-29 22:00:00+00:00,-105.05741794016852,-42.23646666666673,4020.2962666666667,9,0,2026
2026-06-30 22:00:00+00:00,-74.09696162843733,-29.758999999999862,4016.164666666666,9,1,2026
2026-07-01 22:00:00+00:00,36.258837569639205,14.63666666666677,4036.7313333333336,9,2,2026
2026-07-02 22:00:00+00:00,110.27223515768696,45.5036666666662,4126.534333333333,9,3,2026
2026-07-06 22:00:00+00:00,-64.91893556225148,-27.050666666666984,4166.827000000001,9,0,2026
2026-07-07 22:00:00+00:00,11.842998221757988,4.858999999998559,4103.196666666667,9,1,2026
2026-07-08 22:00:00+00:00,-16.176903036300544,-6.595999999999852,4077.359,9,2,2026
2026-07-09 22:00:00+00:00,-6.00663276156802,-2.4770000000010746,4123.708333333334,9,3,2026
2026-07-13 22:00:00+00:00,-0.8836351324499554,-0.3543333333330641,4004.17,9,0,2026
2026-07-14 22:00:00+00:00,-4.290302503567327,-1.738333333333382,4051.5706666666665,9,1,2026
2026-07-15 22:00:00+00:00,-59.67646999180541,-24.252333333333052,4063.9689999999996,9,2,2026
2026-07-16 22:00:00+00:00,27.633376704521268,10.990666666667039,3977.3726666666666,9,3,2026
2026-07-20 22:00:00+00:00,44.09590880804589,17.670666666666875,4007.3373333333334,9,0,2026
2026-07-21 22:00:00+00:00,77.86799655494025,31.766333333333023,4079.544,9,1,2026
2026-07-22 22:00:00+00:00,10.111980288058461,4.170666666665359,4124.499333333334,9,2,2026
2026-07-23 22:00:00+00:00,-12.022593007055587,-4.869000000000142,4049.8566666666666,9,3,2026
2026-07-27 22:00:00+00:00,-67.78384608625854,-27.637999999999767,4077.367666666667,9,0,2026
2026-07-28 22:00:00+00:00,-8.993126946877556,-3.621333333333041,4025.404,9,1,2026
2026-07-29 22:00:00+00:00,12.136664284478352,4.942333333333711,4073.990333333333,9,2,2026
2026-07-30 22:00:00+00:00,-43.23121542951323,-17.75933333333387,4107.898666666667,9,3,2026
2026-08-03 22:00:00+00:00,1.068002389700219,0.43266666666704623,4051.5146666666665,9,0,2026
2026-08-04 22:00:00+00:00,28.425109796586952,11.590333333333243,4077.5020000000004,9,1,2026
2026-08-05 22:00:00+00:00,86.56642990597263,36.77803333333304,4248.5423,9,2,2026
2026-08-06 22:00:00+00:00,9.671236931554006,4.099999999999454,4239.885666666667,9,3,2026
2026-08-10 22:00:00+00:00,61.61777641703733,27.061966666666194,4391.911700000001,9,0,2026
2026-08-11 22:00:00+00:00,31.604376450298155,13.827333333332717,4375.16,9,1,2026
2026-08-12 22:00:00+00:00,32.70385442750697,14.401666666665733,4403.695333333333,9,2,2026
2026-08-13 22:00:00+00:00,-67.80054174651644,-29.53066666666776,4355.437333333333,9,3,2026
2026-08-17 22:00:00+00:00,12.247113733259718,5.408999999999348,4416.566000000001,9,0,2026
2026-08-18 22:00:00+00:00,7.119259499763463,3.090666666665735,4342.109666666667,9,1,2026
2026-08-19 22:00:00+00:00,-51.30613189735442,-23.195000000000316,4520.893,9,2,2026
2026-08-20 22:00:00+00:00,8.745163130094452,3.951999999999316,4519.174333333333,9,3,2026
2026-08-24 22:00:00+00:00,23.804244640645,11.090666666666644,4659.120666666667,9,0,2026
2026-08-25 22:00:00+00:00,-40.44300701105508,-18.866000000000895,4664.618666666667,9,1,2026
2026-08-26 22:00:00+00:00,31.304792488018027,14.417666666666264,4606.395,9,2,2026
2026-08-27 22:00:00+00:00,-49.076457187232776,-22.603666666666566,4605.79,9,3,2026
2026-08-31 22:00:00+00:00,-16.94801852076399,-7.548333333334692,4453.128000000001,9,0,2026
2026-09-01 22:00:00+00:00,-50.345631590326306,-21.79700000000048,4329.421333333334,9,1,2026
2026-09-02 22:00:00+00:00,27.09327346876198,11.894333333331815,4390.1900000000005,9,2,2026
2026-09-03 22:00:00+00:00,1.9800465463012844,0.8863333333329138,4477.377,9,3,2026
2026-09-07 22:00:00+00:00,42.86174279701595,18.91633333333266,4413.343666666668,9,0,2026
